chinese_name,english_name
MIREA-俄罗斯技术大学,MIREA - Russian Technological University
下诺夫哥罗德国立师范大学,Minin Nizhny Novgorod State Pedagogical University
下诺夫哥罗德国立建筑大学,Nizhny Novgorod State University of Architecture and Civil Engineering
下诺夫哥罗德国立技术大学,Nizhny Novgorod State Technical University
下诺夫哥罗德国立语言大学,Linguistics University of Nizhny Novgorod
下诺夫哥罗德格林卡国立音乐学院,Nizhny Novgorod State Glinka Conservatory
世界经济学院,Institute of World Economy
东北联邦大学,North-Eastern Federal University named after M.K. Ammosov
东方国家学院,Institute of Oriental Studies
东方经济法律人文学院,Eastern Economics and Law Humanitarian Academy
东西伯利亚国立工艺与管理大学,East Siberian State University of Technology and Management
东西伯利亚国立文化学院,East Siberian State Institute of Culture
乌德穆尔特国立大学,Udmurt State University
乌拉尔国立交通大学,Ural State University of Railway Transport
乌拉尔国立体育大学,Ural State University of Physical Culture
乌拉尔国立体育学院,Ural State Academy of Physical Culture
乌拉尔国立农业大学,Ural State Agrarian University
乌拉尔国立医科大学,Ural State Medical University
乌拉尔国立师范大学,Ural State Pedagogical University
乌拉尔国立矿业大学,Ural State Mining University
乌拉尔国立经济大学,Ural State University of Economics
乌拉尔国立音乐学院,Ural State Mussorgsky Conservatory
乌拉尔联邦大学,Ural Federal University named after the first President of Russia B.N. Yeltsin
乌法国立石油技术大学,Ufa State Petroleum Technological University
乌法国立艺术学院,Ufa State Institute of Arts
乌法科技大学,Ufa University of Science and Technology
乌赫塔国立技术大学,Ukhta State Technical University
乌里扬诺夫斯克国立大学,Ulyanovsk State University
乌里扬诺夫斯克国立师范大学,Ulyanovsk State Pedagogical University
乌里扬诺夫斯克国立技术大学,Ulyanovsk State Technical University
人文教育与信息技术学院,Institute of Humanitarian Education and Information Technologies
伊万诺沃国立动力大学,Ivanovo State Power Engineering University
伊万诺沃国立化工大学,Ivanovo State University of Chemical Technology
伊万诺沃国立大学,Ivanovo State University
伊万诺沃国立理工大学,Ivanovo State Polytechnic University
伊尔库茨克国立交通大学,Irkutsk State Transport University
伊尔库茨克国立农业大学,Irkutsk State Agrarian University
伊尔库茨克国立医科大学,Irkutsk State Medical University
伊尔库茨克国立大学,Irkutsk State University
伊曼努尔·康德波罗的海联邦大学,Immanuel Kant Baltic Federal University
伊热夫斯克国立农学院,Izhevsk State Agricultural Academy
伊热夫斯克国立技术大学,Izhevsk State Technical University
伏尔加国立交通大学,Privolzhsky State University of Water Transport
伏尔加国立体育、运动与旅游大学,Volga Region State University of Physical Culture  Sports and Tourism
伏尔加国立服务大学,Volga Region State University of Service
伏尔加国立电信与信息大学,Povolzhskiy State University of Telecommunications and Informatics
伏尔加地区肉奶制品生产与加工科研所,Volga Region Research Institute of Meat and Milk Production and Processing
伏尔加塔季谢夫大学（学院）,Volga Region V.N. Tatischev University
伏尔加格勒国立体育学院,Volgograd State Academy of Physical Culture
伏尔加格勒国立医科大学,Volgograd State Medical University
伏尔加格勒国立大学,Volgograd State University
伏尔加格勒国立技术大学,Volgograd State Technical University
伏尔加格勒国立社会-师范大学,Volgograd State Socio-Pedagogical University
伏尔加格勒国立艺术与文化学院,Volgograd State Institute of Arts and Culture
伏尔加格勒国立音乐学院,Volgograd State Conservatory of P.A. Serebryakov
俄罗斯交通大学,Russian University of Transport
俄罗斯人民友谊大学,Peoples' Friendship University of Russia
俄罗斯医学科学院肿瘤学科研中心,Blokhin National Medical Research Center of Oncology
俄罗斯医科大学,Russian University of Medicine
俄罗斯合作大学,Russian University of Cooperation
俄罗斯国家小剧院高等戏剧学院,Shchepkin Higher Theatre School
俄罗斯国家研究型医科大学,Pirogov Russian National Research Medical University
俄罗斯国家科学院西伯利亚分院中西伯利亚植物园,Central Siberian Botanical Garden of the Siberian Branch of the Russian Academy of Sciences
俄罗斯国立专业艺术学院,Russian State Specialized Academy of Arts
俄罗斯国立人文大学,Russian State University for the Humanities
俄罗斯国立农业大学,Russian State Agrarian University – Timiryazev Moscow Agricultural Academy
俄罗斯国立工艺美术大学,Stroganov Moscow State Academy of Arts and Industry
俄罗斯国立师范大学,Herzen State Pedagogical University of Russia
俄罗斯国立旅游与服务大学,Russian State University of Tourism and Service
俄罗斯国立柯西金大学,Kosygin Russian State University
俄罗斯国立水文气象大学,Russian State Hydrometeorological University
俄罗斯国立法律大学,Russian State University of Justice
俄罗斯国立知识产权学院,Russian State Academy of Intellectual Property
俄罗斯国立石油天然气大学（国家研究型大学）,Gubkin Russian State University of Oil and Gas (National Research University)
俄罗斯国立社会大学,Russian State Social University
俄罗斯国立社会技术大学,Russian State University of Social Technologies
俄罗斯国立舞台艺术学院,Russian State Institute of Performing Arts
俄罗斯国立谢尔戈·奥尔忠尼启则地质勘探大学,Russian State University for Geological Prospecting
俄罗斯国际旅游学院,Russian International Academy for Tourism
俄罗斯戏剧艺术学院,Russian Institute of Theatre Arts – GITIS
俄罗斯教育科学院教育管理研究所,Institute of Education Management of the Russian Academy of Education
俄罗斯新大学,Russian New University
俄罗斯普列汉诺夫经济大学,Plekhanov Russian University of Economics
俄罗斯格涅辛音乐学院,Gnessin Russian Academy of Music
俄罗斯武装力量总参谋部军事学院,Military Academy of the General Staff of the Armed Forces of the Russian Federation
俄罗斯海关学院,Russian Customs Academy
俄罗斯生物工艺大学,Russian Biotechnological University
俄罗斯科学院乌拉尔分院经济研究所,Institute of Economics of the Ural Branch of the Russian Academy of Sciences
俄罗斯科学院乌拉尔分院金属物理研究所,Mikheyev Institute of Metal Physics of the Ural Branch of the Russian Academy of Sciences
俄罗斯科学院乌拉尔分院高温电化学研究所,Institute of High-Temperature Electrochemistry of the Ural Branch of the Russian Academy of Sciences
俄罗斯科学院伊什林斯基力学问题研究所,Ishlinsky Institute for Problems in Mechanics of the Russian Academy of Sciences
俄罗斯科学院俄罗斯文学研究所,Institute of Russian Literature (Pushkin House) of the Russian Academy of Sciences
俄罗斯科学院元素有机化合物研究所,Nesmeyanov Institute of Organoelement Compounds of the Russian Academy of Sciences
俄罗斯科学院冶金与材料科学研究所,Baikov Institute of Metallurgy and Materials Science of the Russian Academy of Sciences
俄罗斯科学院分子生物学研究所,Engelhardt Institute of Molecular Biology of the Russian Academy of Sciences
俄罗斯科学院前寒武纪地质与年代学研究所,Institute of Precambrian Geology and Geochronology of the Russian Academy of Sciences
俄罗斯科学院国家与法研究所,Institute of State and Law of the Russian Academy of Sciences
俄罗斯科学院圣彼得堡信息与自动化研究所,St. Petersburg Institute for Informatics and Automation of the Russian Academy of Sciences
俄罗斯科学院圣彼得堡联邦研究中心,Saint Petersburg Federal Research Center of the Russian Academy of Sciences
俄罗斯科学院地理研究所,Institute of Geography of the Russian Academy of Sciences
俄罗斯科学院基础与无机化学研究所,Kurnakov Institute of General and Inorganic Chemistry of the Russian Academy of Sciences
俄罗斯科学院基础物理研究所,Prokhorov General Physics Institute of the Russian Academy of Sciences
俄罗斯科学院应用数学研究所,Keldysh Institute of Applied Mathematics of the Russian Academy of Sciences
俄罗斯科学院彼得大帝人类学与民族学博物馆,Peter the Great Museum of Anthropology and Ethnography (Kunstkamera) of the Russian Academy of Sciences
俄罗斯科学院数学研究所,Steklov Mathematical Institute of the Russian Academy of Sciences
俄罗斯科学院斯拉夫学研究所,Institute of Slavic Studies of the Russian Academy of Sciences
俄罗斯科学院有机化学研究所,Zelinsky Institute of Organic Chemistry of the Russian Academy of Sciences
俄罗斯科学院核研究所,Institute for Nuclear Research of the Russian Academy of Sciences
俄罗斯科学院激光与信息技术研究所,Institute on Laser and Information Technologies of the Russian Academy of Sciences
俄罗斯科学院物理技术研究所,Ioffe Institute
俄罗斯科学院理论与实验生物物理研究所,Institute of Theoretical and Experimental Biophysics of the Russian Academy of Sciences
俄罗斯科学院电物理与电力工程研究所,Institute of Electrophysics and Electric Power of the Russian Academy of Sciences
俄罗斯科学院细胞学研究所,Institute of Cytology of the Russian Academy of Sciences
俄罗斯科学院经济研究所,Institute of Economics of the Russian Academy of Sciences
俄罗斯科学院自动化设计研究所,Institute of Automation Design of the Russian Academy of Sciences
俄罗斯科学院西伯利亚分院伊尔库茨克化学研究所,Favorsky Irkutsk Institute of Chemistry of the Siberian Branch of the Russian Academy of Sciences
俄罗斯科学院西伯利亚分院伊尔库茨克科学中心,Irkutsk Scientific Center of the Siberian Branch of the Russian Academy of Sciences
俄罗斯科学院西伯利亚分院冻土研究所,Melnikov Permafrost Institute SB RAS
俄罗斯科学院西伯利亚分院劳动红旗勋章日地物理研究所,Institute of Solar-Terrestrial Physics of the Siberian Branch of the Russian Academy of Sciences
俄罗斯科学院西伯利亚分院化学生物学与基础医学研究所,Institute of Chemical Biology and Fundamental Medicine SB RAS
俄罗斯科学院西伯利亚分院固体化学与机械化学研究所,Institute of Solid State Chemistry and Mechanochemistry of the Siberian Branch of the Russian Academy of Sciences
俄罗斯科学院西伯利亚分院大气光学研究所,V.E. Zuev Institute of Atmospheric Optics SB RAS
俄罗斯科学院西伯利亚分院强度物理与材料学研究所,Institute of Strength Physics and Materials Science of the Siberian Branch of the Russian Academy of Sciences
俄罗斯科学院西伯利亚分院新西伯利亚有机化学研究所,Vorozhtsov Novosibirsk Institute of Organic Chemistry of the Siberian Branch of the Russian Academy of Sciences
俄罗斯科学院西伯利亚分院核物理研究所,Budker Institute of Nuclear Physics  Siberian Branch of the Russian Academy of Sciences
俄罗斯科学院西伯利亚分院油气地质学与地球物理学研究所,Trofimuk Institute of Petroleum Geology and Geophysics of the Siberian Branch of the Russian Academy of Sciences
俄罗斯科学院西伯利亚分院流体力学研究所,Lavrentyev Institute of Hydrodynamics of the Siberian Branch of the Russian Academy of Sciences
俄罗斯科学院西伯利亚分院生物物理研究所,Institute of Biophysics SB RAS
俄罗斯科学院西伯利亚分院能源系统研究所,Melentiev Energy Systems Institute SB RAS
俄罗斯科学院西伯利亚分院蒙古学、佛学与藏学研究所,Institute for Mongolian  Buddhist and Tibetan Studies  Siberian Branch of the Russian Academy of Sciences
俄罗斯科学院西伯利亚分院语文学研究所,Institute of Philology of the Siberian Branch of the Russian Academy of Sciences
俄罗斯科学院设计与工艺信息学学院,Institute for Design and Technological Informatics of the Russian Academy of Sciences
俄罗斯科学院语言学研究所,Institute of Linguistics of the Russian Academy of Sciences
俄罗斯科学院进化生理学与生物化学研究所,Sechenov Institute of Evolutionary Physiology and Biochemistry of the Russian Academy of Sciences
俄罗斯科学院远东分院太平洋生物有机化学研究所,Pacific Institute of Bioorganic Chemistry of the Far Eastern Branch of the Russian Academy of Sciences
俄罗斯科学院远东分院自动化与过程控制研究所,Institute of Automation and Control Processes of the Far Eastern Branch of the Russian Academy of Sciences
俄罗斯科学院远东分院远东人民历史、考古与民俗学研究所,Institute of History  Archeology and Ethnography of the Peoples of the Far East  Far Eastern Branch of the Russian Academy of Sciences
俄罗斯科学院远东研究所,Institute of Far Eastern Studies of the Russian Academy of Sciences
俄罗斯科学院非水溶液化学研究所,Institute of Chemistry of Non-Aqueous Solutions of the Russian Academy of Sciences
俄罗斯科学院高尔基世界文学研究所,A.M. Gorky Institute of World Literature of the Russian Academy of Sciences
俄罗斯终身职业教育医学院,Russian Medical Academy of Continuous Professional Education
俄罗斯联邦内务部圣彼得堡大学,Saint Petersburg University of the Ministry of Internal Affairs of the Russian Federation
俄罗斯联邦卫生部莫斯科国立谢东诺夫第一医科大学（谢东诺夫大学）,Sechenov First Moscow State Medical University
俄罗斯联邦外交部外交学院,Diplomatic Academy of the Ministry of Foreign Affairs of the Russian Federation
俄罗斯联邦总统俄罗斯国民经济和国务学院,Russian Presidential Academy of National Economy and Public Administration
俄罗斯联邦政府财经大学,Financial University under the Government of the Russian Federation
俄罗斯联邦武装力量防空军事学院,Military Academy of Air Defence of the Armed Forces of the Russian Federation
俄罗斯联邦民防、紧急情况和消除自然灾害后果部国家消防学院,Academy of the State Fire Service of the Ministry of the Russian Federation for Civil Defence  Emergencies and Elimination of Consequences of Natural Disasters
俄罗斯联邦经济发展部全俄外贸学院,Russian Foreign Trade Academy of the Ministry of Economic Development of the Russian Federation
俄罗斯艺术史研究院,Russian Institute of Art History
俄罗斯艺术科学院莫斯科国立苏里科夫美术学院,Surikov Moscow State Academic Art Institute of the Russian Academy of Arts
俄罗斯运动大学,Russian University of Sport
俄罗斯门捷列夫化工大学,D. Mendeleev University of Chemical Technology of Russia
克拉斯诺亚尔斯克国立农业大学,Krasnoyarsk State Agrarian University
克拉斯诺亚尔斯克国立医科大学,Krasnoyarsk State Medical University named after Professor V.F. Voyno-Yasenetsky
克拉斯诺亚尔斯克国立师范大学,Krasnoyarsk State Pedagogical University named after V.P. Astafyev
克拉斯诺达尔国立文化学院,Krasnodar State Institute of Culture
克麦罗沃国立大学,Kemerovo State University
克麦罗沃国立文化学院,Kemerovo State Institute of Culture
全俄国立司法大学,All-Russian State University of Justice (RPA of the Ministry of Justice of Russia)
全俄国立电影大学,Gerasimov Russian State University of Cinematography
全俄药用与芳香植物科研所,All-Russian Research Institute of Medicinal and Aromatic Plants
公共行政学院,Institute of Public Administration
军事大学,Military University
切列波韦茨国立大学,Cherepovets State University
列宁格勒普希金国立大学,Leningrad State University named after A.S. Pushkin
利佩茨克国立师范大学,Lipetsk State Pedagogical P. Semenov-Tyan-Shansky University
利佩茨克国立技术大学,Lipetsk State Technical University
别尔哥罗德合作、经济与法律大学,Belgorod University of Cooperation  Economics and Law
别尔哥罗德国立农业大学,Belgorod State Agricultural University
别尔哥罗德国立国家研究型大学,Belgorod State National Research University
别尔哥罗德国立工艺大学,Belgorod State Technological University named after V.G. Shukhov
别尔哥罗德国立文化艺术学院,Belgorod State Institute of Arts and Culture
加里宁格勒国立技术大学,Kaliningrad State Technical University
勘察加国立大学,Kamchatka State University named after Vitus Bering
勘察加国立技术大学,Kamchatka State Technical University
北奥赛梯国立大学,North Ossetian State University named after Kosta Levanovich Khetagurov
北方国立医科大学,Northern State Medical University
北方（北极）联邦大学,Northern (Arctic) Federal University
北高加索国立学院,North Caucasus State Academy
北高加索联邦大学,North Caucasus Federal University
南乌拉尔国立人文师范大学,South Ural State Humanitarian Pedagogical University
南乌拉尔国立医科大学,South Ural State Medical University
南乌拉尔国立大学（国家研究型大学）,South Ural State University
南乌拉尔柴可夫斯基国立艺术学院,South Ural State Institute of Arts named after P.I. Tchaikovsky
南俄罗斯人文学院,South-Russian Humanitarian Institute
南俄罗斯国立技术大学（新切尔卡斯克工学院）,Platov South-Russian State Polytechnic University
南联邦大学,Southern Federal University
卡卢加国立大学,Kaluga State University named after K.E. Tsiolkovsky
卡尔梅克国立大学,Kalmyk State University named after B.B. Gorodovikov
卡巴尔达-巴尔卡尔国立大学,Kabardino-Balkarian State University
卡拉恰伊-切尔克斯国立大学,Karachay-Cherkess State University
印古什国立大学,Ingush State University
叶列茨基国立大学,Yelets State University
后贝加尔国立大学,Transbaikal State University
哈卡斯国立大学,Khakas State University
哈巴罗夫斯克国立文化学院,Khabarovsk State Institute of Culture
商务职业学院,Institute of Business Career
喀山创新大学,Kazan Innovative University
喀山国家研究型工艺大学,Kazan National Research Technological University
喀山国立兽医学院,Kazan State Academy of Veterinary Medicine named after N.E. Bauman
喀山国立动力大学,Kazan State Power Engineering University
喀山国立医科大学,Kazan State Medical University
喀山国立建筑工程大学,Kazan State University of Architecture and Engineering
喀山国立文化学院,Kazan State Institute of Culture
喀山国立音乐学院,Kazan State Conservatory named after N.G. Zhiganov
喀山图波列夫国家研究型技术大学,Kazan National Research Technical University named after A.N. Tupolev
喀山（伏尔加沿岸）联邦大学,Kazan (Volga Region) Federal University
因纳波利斯大学,Innopolis University
国家研究中心库尔恰托夫研究所,National Research Center 'Kurchatov Institute'
国家研究型下诺夫哥罗德国立大学,Lobachevsky State University of Nizhny Novgorod
国家研究型大学-伊尔库茨克国立理工大学,Irkutsk National Research Technical University
国家研究型大学“莫斯科动力学院”,National Research University Moscow Power Engineering Institute
国家研究型大学“莫斯科电子技术学院”,National Research University of Electronic Technology
国家研究型托姆斯克国立大学,Tomsk State University
国家研究型核技术大学“莫斯科物理工程学院”,National Research Nuclear University MEPhI
国家研究型莫尔多瓦国立大学,Ogarev Mordovia State University
国家研究型莫斯科国立建筑大学,Moscow State University of Civil Engineering
国家研究型高等经济大学,National Research University Higher School of Economics
国立人文科学大学,State Academic University for the Humanities
国立土地规划大学,State University of Land Use Planning
国立教育大学,State University of Education
国立普希金俄语学院,Pushkin State Russian Language Institute
国立海事大学,Admiral Ushakov State Maritime University
国立社会人文大学,State University of Humanities and Social Studies
国立管理大学,State University of Management
国立音乐师范学院,M. M. Ippolitov-Ivanov State Music Pedagogical Institute
国际创新大学,International Innovation University
国际市场学院,International Market Institute
图拉国立大学,Tula State University
图拉国立师范大学,Tula State Lev Tolstoy Pedagogical University
图瓦国立大学,Tuvan State University
圣彼得堡列宁国立电子技术大学“LETI”,Saint Petersburg Electrotechnical University 'LETI'
圣彼得堡列宾美术学院,Repin Academy of Arts
圣彼得堡国立交通大学,Emperor Alexander I St. Petersburg State Transport University
圣彼得堡国立体育、运动与健康大学,Lesgaft National State University of Physical Education  Sport and Health
圣彼得堡国立儿科医科大学,Saint Petersburg State Pediatric Medical University
圣彼得堡国立兽医大学,Saint Petersburg State University of Veterinary Medicine
圣彼得堡国立农业大学,Saint Petersburg State Agrarian University
圣彼得堡国立大学,Saint Petersburg State University
圣彼得堡国立工业技术与设计大学,Saint Petersburg State University of Industrial Technologies and Design
圣彼得堡国立工业美术学院,Saint Petersburg Stieglitz State Academy of Art and Design
圣彼得堡国立建筑大学,Saint Petersburg State University of Architecture and Civil Engineering
圣彼得堡国立影视学院,Saint Petersburg State University of Film and Television
圣彼得堡国立技术学院（技术大学）,Saint Petersburg State Institute of Technology
圣彼得堡国立文化学院,Saint Petersburg State Institute of Culture
圣彼得堡国立林业技术大学,Saint Petersburg State Forest Technical University
圣彼得堡国立海洋技术大学,Saint Petersburg State Marine Technical University
圣彼得堡国立电信大学,The Bonch-Bruevich Saint-Petersburg State University of Telecommunications
圣彼得堡国立经济大学,Saint Petersburg State University of Economics
圣彼得堡国立航空航天仪表大学,Saint Petersburg State University of Aerospace Instrumentation
圣彼得堡国立音乐学院,Rimsky-Korsakov Saint Petersburg State Conservatory
圣彼得堡国立马卡洛夫元帅河海舰队大学,Admiral Makarov State University of Maritime and Inland Shipping
圣彼得堡工会人文大学,Saint Petersburg University of Humanities and Social Sciences
圣彼得堡巴甫洛夫国立第一医科大学,Pavlov First Saint Petersburg State Medical University
圣彼得堡彼得大帝理工大学,Peter the Great St. Petersburg Polytechnic University
圣彼得堡技术、管理与经济大学,Saint Petersburg University of Management Technologies and Economics
圣彼得堡矿业大学,Saint Petersburg Mining University
坦波夫国立大学,Derzhavin Tambov State University
坦波夫国立技术大学,Tambov State Technical University
坦波夫国立音乐师范学院,Tambov State Musical Pedagogical Institute
塔甘罗格管理与经济学院,Taganrog Institute of Management and Economics
大卢基国立农学院,Velikie Luki State Agricultural Academy
太平洋国立医科大学,Pacific State Medical University
太平洋国立大学,Pacific National University
奔萨国立大学,Penza State University
奔萨国立建筑大学,Penza State University of Architecture and Construction
奥伦堡国立大学,Orenburg State University
奥伦堡国立师范大学,Orenburg State Pedagogical University
奥廖尔国立农业大学,Orel State Agrarian University
奥廖尔国立大学,Orel State University named after I.S. Turgenev
奥廖尔国立文化学院,Orel State Institute of Culture
奥廖尔国立经济与贸易大学,Orel State University of Economics and Trade
巴什基尔国立农业大学,Bashkir State Agrarian University
巴什基尔国立医科大学,Bashkir State Medical University
巴什基尔国立师范大学,Bashkir State Pedagogical University named after M. Akmulla
巴什科尔托斯坦共和国总统巴什基尔国家行政与管理学院,Bashkir Academy of Public Service and Management
布拉戈维申斯克国立师范大学,Blagoveshchensk State Pedagogical University
布拉茨克国立大学,Bratsk State University
布良斯克国立大学,Bryansk State University named after Academician I.G. Petrovsky
布良斯克国立技术大学,Bryansk State Technical University
布里亚特国立农业学院,Buryat State Agricultural Academy named after V.R. Filippov
布里亚特国立大学,Buryat State University named after Dorzhi Banzarov
库兹巴斯国立技术大学,Kuzbass State Technical University
库兹涅佐夫海军学院,N.G. Kuznetsov Naval Academy
库尔干国立大学,Kurgan State University
库尔斯克国立医科大学,Kursk State Medical University
库尔斯克国立大学,Kursk State University
库班国立体育、运动与旅游大学,Kuban State University of Physical Education  Sport and Tourism
库班国立农业大学,Kuban State Agrarian University named after I.T. Trubilin
库班国立大学,Kuban State University
库班国立工艺大学,Kuban State Technological University
弗拉基米尔国立大学,Vladimir State University named after Alexander and Nikolay Stoletovs
彼尔姆国家研究型大学,Perm State National Research University
彼尔姆国家研究型理工大学,Perm National Research Polytechnic University
彼尔姆国立人文师范大学,Perm State Humanitarian Pedagogical University
彼尔姆国立农业技术大学,Perm State Agro-Technological University
彼尔姆国立医科大学,Perm State Medical University
彼得罗夫国家肿瘤医学研究中心,N.N. Petrov National Medical Research Center of Oncology
彼得罗扎沃茨克国立大学,Petrozavodsk State University
彼得罗扎沃茨克国立音乐学院,Petrozavodsk State Glazunov Conservatoire
托姆斯克国家研究型理工大学,National Research Tomsk Polytechnic University
托姆斯克国立师范大学,Tomsk State Pedagogical University
托姆斯克国立建筑大学,Tomsk State University of Architecture and Building
托姆斯克控制系统与无线电电子学国立大学,Tomsk State University of Control Systems and Radioelectronics
摩尔曼斯克北极大学,Murmansk Arctic University
斯塔夫罗波尔国立农业大学,Stavropol State Agrarian University
斯摩棱斯克国立大学,Smolensk State University
斯科尔科沃科学与技术学院,Skolkovo Institute of Science and Technology
新西伯利亚国家研究型国立大学,Novosibirsk State University
新西伯利亚国立农业大学,Novosibirsk State Agrarian University
新西伯利亚国立医科大学,Novosibirsk State Medical University
新西伯利亚国立师范大学,Novosibirsk State Pedagogical University
新西伯利亚国立建筑、设计与艺术大学,Novosibirsk State University of Architecture  Design and Arts
新西伯利亚国立建筑大学,Novosibirsk State University of Architecture and Civil Engineering
新西伯利亚国立戏剧学院,Novosibirsk State Theater Institute
新西伯利亚国立技术大学,Novosibirsk State Technical University
新西伯利亚国立经济与管理大学,Novosibirsk State University of Economics and Management
新西伯利亚国立音乐学院,Novosibirsk State Glinka Conservatory
普斯科夫国立大学,Pskov State University
朱可夫勋章与列宁勋章苏联元帅布琼尼红旗军事通信学院,Budyonny Military Academy of Communications
朱可夫空天防御军事学院,Zhukov Air and Space Defense Military Academy
杜布纳大学,University of Dubna
格罗兹尼国立石油技术大学,Grozny State Oil Technical University named after Academician M.D. Millionshchikov
梁赞国立医科大学,Ryazan State Medical University named after Academician I.P. Pavlov
梁赞国立大学,Ryazan State University named after S.A. Yesenin
楚瓦什国立大学,Chuvash State University named after I.N. Ulyanov
楚瓦什国立师范大学,Chuvash State Pedagogical University named after I.Y. Yakovlev
楚瓦什国立文化艺术学院,Chuvash State Institute of Culture and Arts
沃洛格达国立大学,Vologda State University
沃罗涅什国立林业技术大学,Voronezh State University of Forestry and Technologies
沃罗涅日国立大学,Voronezh State University
沃罗涅日国立工程技术大学,Voronezh State University of Engineering Technologies
沃罗涅日国立师范大学,Voronezh State Pedagogical University
沃罗涅日国立技术大学,Voronezh State Technical University
沃罗涅日经济法律学院,Voronezh Institute of Economics and Law
沃罗涅日高等技术学院,Voronezh Institute of High Technologies
波波夫合唱艺术学院,Popov Academy of Choral Arts
波罗的海国立技术大学,Baltic State Technical University 'Voenmeh' named after D.F. Ustinov
涅维尔斯基国立海事大学,Admiral Nevelskoy Maritime State University
滨海国立农业技术大学,Primorsky State Agricultural and Technological University
特维尔国立医科大学,Tver State Medical University
特维尔国立大学,Tver State University
特维尔国立技术大学,Tver State Technical University
现代艺术学院,Institute of Contemporary Art
瑟克特夫卡尔国立大学,Syktyvkar State University named after Pitirim Sorokin
瓦冈诺娃俄罗斯芭蕾舞学院,Vaganova Academy of Russian Ballet
皮亚季戈尔斯克国立大学,Pyatigorsk State University
眼病科学研究所,Scientific Research Institute of Eye Diseases
社会与人文知识学院,Institute of Social and Humanitarian Knowledge
秋明国立医科大学,Tyumen State Medical University
秋明国立大学,Tyumen State University
秋明工业大学,Tyumen Industrial University
科斯特罗马国立大学,Kostroma State University
空军教学科研中心茹可夫加加林空军学院,Zhukovsky – Gagarin Air Force Academy
符拉迪沃斯托克国立大学,Vladivostok State University
米丘林国立农业大学,Michurinsk State Agrarian University
索契国立大学,Sochi State University
继续教育学院,Institute of Continuing Education
维亚特卡国立大学,Vyatka State University
罗斯托夫国立交通大学,Rostov State Transport University
罗斯托夫国立经济大学,Rostov State University of Economics
罗斯托夫国立音乐学院,Rostov State Rachmaninov Conservatory
联合核子研究所,Joint Institute for Nuclear Research
联邦卫生与社会发展部远东国立医科大学,Far Eastern State Medical University
联邦处罚执行局弗拉基米尔法律学院,Vladimir Law Institute of the Federal Penitentiary Service
联邦处罚执行局法律与管理学院,Academy of Law and Management of the Federal Penitentiary Service
苏尔吉古特国立大学,Surgut State University
莫斯科人文大学,Moscow University for the Humanities
莫斯科国立体育学院,Moscow State Academy of Physical Culture
莫斯科国立国际关系学院（大学）,Moscow State Institute of International Relations (MGIMO University)
莫斯科国立大学,Lomonosov Moscow State University
莫斯科国立师范大学,Moscow Pedagogical State University
莫斯科国立心理学与教育大学,Moscow State University of Psychology and Education
莫斯科国立技术与管理大学（第一哥萨克大学）,Moscow State University of Technology and Management named after K.G. Razumovsky (First Cossack University)
莫斯科国立技术大学（斯坦金）,Moscow State Technological University Stankin
莫斯科国立文化学院,Moscow State Institute of Culture
莫斯科国立施尼特凯音乐学院,Moscow State A. Schnittke Institute of Music
莫斯科国立民航技术大学,Moscow State Technical University of Civil Aviation
莫斯科国立法律大学,Kutafin Moscow State Law University
莫斯科国立舞蹈学院,Moscow State Academy of Choreography
莫斯科国立语言大学,Moscow State Linguistic University
莫斯科国立运动与旅游大学,Moscow State University of Sport and Tourism
莫斯科国际大学,Moscow International University
莫斯科国际学院,Moscow International Academy
莫斯科市政府莫斯科市立管理大学,Moscow Metropolitan Governance University
莫斯科市立师范大学,Moscow City University
莫斯科建筑学院（国立学院）,Moscow Architectural Institute (State Academy)
莫斯科心理分析学院,Moscow Institute of Psychoanalysis
莫斯科柴可夫斯基国立音乐学院,Moscow Tchaikovsky State Conservatory
莫斯科汽车公路国立技术大学,Moscow Automobile and Road Construction State Technical University
莫斯科物理技术学院（国家研究型大学）,Moscow Institute of Physics and Technology
莫斯科理工大学,Moscow Polytechnic University
莫斯科维特大学,Moscow Witte University
莫斯科航空学院（国家研究型大学）,Moscow Aviation Institute (National Research University)
莫斯科通信与信息技术大学,Moscow Technical University of Communications and Informatics
莫斯科金融与工业大学“协同”,Moscow University for Industry and Finance «Synergy»
莫斯科金融法律大学,Moscow University of Finance and Law
莫斯科鲍曼国立技术大学（国家研究型大学）,Bauman Moscow State Technical University
萨哈林国立大学,Sakhalin State University
萨拉托夫国家研究型国立大学,Saratov State University
萨拉托夫国立医科大学,Saratov State Medical University
萨拉托夫国立技术大学,Yuri Gagarin State Technical University of Saratov
萨拉托夫国立法学院,Saratov State Law Academy
萨拉托夫国立音乐学院,Saratov State Conservatory
萨玛拉国立经济大学,Samara State University of Economics
萨马拉人文学院,Samara Humanitarian Academy
萨马拉公共管理大学（国际市场学院）,Samara University of Public Administration 'International Market Institute'
萨马拉国家研究型大学,Samara National Research University
萨马拉国立技术大学,Samara State Technical University
萨马拉国立社会-师范大学,Samara State University of Social Sciences and Education
西伯利亚商业、管理与心理学学院,Siberian Institute of Business  Management and Psychology
西伯利亚商业与信息技术学院,Siberian Institute of Business and Information Technologies
西伯利亚国立交通大学,Siberian State Transport University
西伯利亚国立体育与运动大学,Siberian State University of Physical Culture and Sports
西伯利亚国立地球系统与技术大学,Siberian State University of Geosystems and Technologies
西伯利亚国立工业大学,Siberian State Industrial University
西伯利亚国立水运大学,Siberian State University of Water Transport
西伯利亚国立电信与信息大学,Siberian State University of Telecommunications and Informatics
西伯利亚国立科技大学,Reshetnev Siberian State University of Science and Technology
西伯利亚消费合作大学,Siberian University of Consumer Cooperation
西伯利亚联邦大学,Siberian Federal University
西伯利亚赫沃罗斯托夫斯基国立艺术学院,Siberian State Institute of Arts named after Dmitry Hvorostovsky
西北国立医科大学,North-Western State Medical University named after I.I. Mechnikov
西南国立大学,Southwest State University
诺夫哥罗德国立大学,Yaroslav-the-Wise Novgorod State University
贝加尔国立大学,Baikal State University
车里雅宾斯克国立大学,Chelyabinsk State University
车里雅宾斯克国立文化学院,Chelyabinsk State Institute of Culture
达吉斯坦国立人民经济大学,Dagestan State University of National Economy
达吉斯坦国立大学,Dagestan State University
达吉斯坦国立师范大学,Dagestan State Pedagogical University
达吉斯坦国立技术大学,Dagestan State Technical University
迈科普国立工艺大学,Maikop State Technological University
远东国立交通大学,Far Eastern State Transport University
远东国立体育学院,Far Eastern State Academy of Physical Culture
远东国立农业大学,Far Eastern State Agrarian University
远东国立渔业技术大学,Far Eastern State Technical Fisheries University
远东国立艺术学院,Far Eastern State Institute of Arts
远东联邦大学,Far Eastern Federal University
鄂木斯克人文学院,Omsk Humanitarian Academy
鄂木斯克国立交通大学,Omsk State Transport University
鄂木斯克国立农业大学,Omsk State Agrarian University
鄂木斯克国立大学,Dostoevsky Omsk State University
鄂木斯克国立师范大学,Omsk State Pedagogical University
鄂木斯克国立技术大学,Omsk State Technical University
阿列赫姆国立大学,Sholom-Aleichem Priamursky State University
阿尔泰国立农业大学,Altai State Agricultural University
阿尔泰国立医科大学,Altai State Medical University
阿尔泰国立大学,Altai State University
阿尔泰国立师范大学,Altai State Pedagogical University
阿尔泰国立技术大学,Altai State Technical University
阿尔泰国立文化学院,Altai State Institute of Culture
阿尔马维尔语言社会学院,Armavir Linguistic Social Institute
阿斯特拉罕国立大学,Astrakhan State University
阿斯特拉罕国立技术大学,Astrakhan State Technical University
阿斯特拉罕国立音乐学院,Astrakhan State Conservatory
阿玛维尔国立师范大学,Armavir State Pedagogical University
阿穆尔国立人文师范大学,Amur State University of Humanities and Pedagogy
阿穆尔国立医学院,Amur State Medical Academy
阿穆尔国立大学,Amur State University
阿穆尔河畔共青城国立大学,Komsomolsk-on-Amur State University
阿迪格国立大学,Adyghe State University
陆军教学科研中心“俄罗斯联邦武装力量朱可夫勋章多兵种合成学院”,Combined Arms Academy of the Armed Forces of the Russian Federation
陶里亚蒂国立大学,Togliatti State University
雅罗斯拉夫尔国立医科大学,Yaroslavl State Medical University
雅罗斯拉夫尔国立大学,Yaroslavl State University
雅罗斯拉夫尔国立师范大学,Yaroslavl State Pedagogical University
雅罗斯拉夫尔国立技术大学,Yaroslavl State Technical University
顿河国立技术大学,Don State Technical University
马格尼托哥尔斯克国立音乐学院,Magnitogorsk State Conservatory (Academy) named after M.I. Glinka
马格尼托戈尔斯克国立技术大学,Magnitogorsk State Technical University named after G.I. Nosov
马里国立大学,Mari State University
高加索人民友谊学院,Institute of Friendship of Peoples of the Caucasus
高尔基文学院,Gorky Institute of Literature
高能物理研究所,Institute for High Energy Physics
